Name	Seq	Pool	Pooling_Concentration_(ÂµM)
RSVA_1_LEFT	CTTGCGTAAACCAAAAAAATGGGG	1	20
RSVA_1_RIGHT	TGGTCATTGTTGAATCACTTAGTTTTTTG	1	20
RSVA_3_LEFT	TCTAACCAGAGACATCATAACACACAGATT	1	100
RSVA_3_RIGHT	CCCATCTTTCATCTTATGTCTCTCCT	1	100
RSVA_5_LEFT	AGGTATGTTATATGCTATGTCTAGATTAGGA	1	50
RSVA_5_RIGHT	TGGGTAATAAACCTTTATAGCGTTTCA	1	50
RSVA_7_LEFT	AAGTGATGTTACGGTGGGGG	1	10
RSVA_7_RIGHT	ACTCAAAGCTCTACATCATTATCTTTTGG	1	10
RSVA_9_LEFT	AAACCCAATAAATGAGACAGATGATACT	1	10
RSVA_9_RIGHT	TCCTGAGTCTTGCCATAGCTTC	1	10
RSVA_11_LEFT	GCTACCAAACTGTACATCAAAACACA	1	10
RSVA_11_RIGHT	TCTTAATGAGGGTCCCTTGGGT	1	10
RSVA_13_LEFT	ACACTCAACCCAACACATGACA	1	100
RSVA_13_RIGHT	TTGTATGAATCTACTCATTGATGTAGAGG	1	100
RSVA_15_LEFT	ACACGCTAGATAAAATCAACCAATGG	1	10
RSVA_15_RIGHT	CATTTGCCCCAGCGTTRTTYTT	1	10
RSVA_17_LEFT	CCACAAAGTCACACTAACAACTGC	1	10
RSVA_17_RIGHT	TGGTGGTGGTTTTCTTTCCAGG	1	10
RSVA_19_LEFT	AAACCCTCCACTCAACCACCTC	1	10
RSVA_19_RIGHT	TCTGTACCATTACACTTATTTTCCTTGAT	1	10
RSVA_21_LEFT	GGCATTGCCGTATCCAAGGT	1	10
RSVA_21_RIGHT	TGCTGTCTAACTATTTGAACATTGCT	1	10
RSVA_23_LEFT	GTGACAATGCAGGATCAGTATC	1	10
RSVA_23_RIGHT	CAGAGGGGAACACTAATGGATC	1	10
RSVA_25_LEFT	TATACTGCAAGGCCAGAAGCAC	1	10
RSVA_25_RIGHT	CATGGGGTGGCCATTCAAAATAA	1	10
RSVA_27_LEFT	ACTGAACTCAACAGCGATGACA	1	10
RSVA_27_RIGHT	CATTGAATGGTTGATCCGGTGG	1	10
RSVA_29_LEFT	CTCAGAATGTAACGCTTTAGGAAG	1	10
RSVA_29_RIGHT	GTAGTAATGACTGAGTTGTCTTCATC	1	10
RSVA_31_LEFT	GCAACATCCTCCATCATGGTTAATAC	1	10
RSVA_31_RIGHT	GTAGAACCCCTCATTGTGGAATAG	1	10
RSVA_33_LEFT	TGCAGGTGACAATAACCTCAACA	1	10
RSVA_33_RIGHT	AAATTTTTAGGAGGTGATATAGCCTTATCA	1	10
RSVA_35_LEFT	AGGCAAAGAAAGAGAACTCAGTGT	1	10
RSVA_35_RIGHT	GGGGGTGCATGCCTATATGT	1	10
RSVA_37_LEFT	TCACTATTAGATCTAATATCTCTCAAAGGGA	1	100
RSVA_37_RIGHT	ACTGCATAATAGACTTTCACCTCTATATTC	1	100
RSVA_39_LEFT	TCGAAGTTTCTATAGAAGAACTCCTGA	1	10
RSVA_39_RIGHT	TCATAAACAACTCTTAGCCCGTGA	1	10
RSVA_41_LEFT	GAGATAAAAGAGAAATATTGAGTATGGAAAACC	1	10
RSVA_41_RIGHT	TGGCCTTCTCATATGTTAACCCA	1	10
RSVA_43_LEFT	TGGCCTTAGCTTAATGTCTGTAGT	1	10
RSVA_43_RIGHT	ACATATGATCAGTTATATATCCCTCTCCC	1	10
RSVA_45_LEFT	CATAGAGTAAAAGGATGTCATAGC	1	100
RSVA_45_RIGHT	CCTATACAATAGTCACTCAGTGTC	1	100
RSVA_47_LEFT	CCTTAGTGCACAATAGCACATCAC	1	10
RSVA_47_RIGHT	CAGGCAATTCAGCATCACAGAC	1	10
RSVA_49_LEFT	GGTCCTGCAAATGTGTTCCCA	1	10
RSVA_49_RIGHT	AGCTGTTTAACAATTCACTTAGATGAGG	1	10
			
RSVA_2_LEFT	TGGCCTAATAGATGACAATTGTGAAA	2	20
RSVA_2_RIGHT	TGACCAGAAATGTAAATGTGGCCT	2	20
RSVA_4_LEFT	CAAACAATCCGAAATAACAACTTTATGCA	2	10
RSVA_4_RIGHT	TCCACTCCATTTGCCTTAACATGA	2	10
RSVA_6_LEFT	AGCAGCAGGAGATAGATCAGGT	2	10
RSVA_6_RIGHT	GGTTGTTCAATATATGGTAGAATCCTGC	2	10
RSVA_8_LEFT	AAATGGTGTGATTAACTACAGTGTATTAGA	2	7.5
RSVA_8_RIGHT	GGCGTAGGGTCTTCTTTGAAACT	2	7.5
RSVA_10_LEFT	AGGATTGATGAGAAATTAAGTGAAATACTAGG	2	10
RSVA_10_RIGHT	TCAGCAGATAGATGTTTGGTTGGA	2	10
RSVA_12_LEFT	TCCATGCCAGCAGATCTACTCA	2	10
RSVA_12_RIGHT	TCAAGTGTGTTCAGATCTTTATTTCTGA	2	10
RSVA_14_LEFT	CAACAAATTGGAAGCACACAGCT	2	10
RSVA_14_RIGHT	TGTTATCATGTGTATTAGTGTAAAGTAAGGC	2	10
RSVA_16_LEFT	TCTCACCATGCAAGCCATYATC	2	10
RSVA_16_RIGHT	TGGGTGAGGTATGTTGGGGTT	2	10
RSVA_18_LEFT	ACCCAACAATGATTTTCACTTTGAAGT	2	10
RSVA_18_RIGHT	GTGTTGGATGAAGATRGAGRTTGTGAT	2	10
RSVA_20_LEFT	GCAAAGGCTATCTTAGTGCTCTAAG	2	10
RSVA_20_RIGHT	AGCCTTGTTTGTGGATAGTAGAGC	2	10
RSVA_22_LEFT	GTGTAACTACACCTGTAAGCAC	2	50
RSVA_22_RIGHT	CAGAGATTTACCTCACTTGGTAATG	2	50
RSVA_24_LEFT	GGGTGGATACTGTGTCTGTAGG	2	10
RSVA_24_RIGHT	GGTGCTATTTTTATTCAGTTACTAAATGCA	2	10
RSVA_26_LEFT	GGGGCAAATATGTCACGAAGGA	2	10
RSVA_26_RIGHT	GCTTTCAATATATGATATGACAGTATTGTACAC	2	10
RSVA_28_LEFT	CAAGTAATTGTAGAGTCACTATGTATAACCA	2	10
RSVA_28_RIGHT	AGTTGGTATAATCATTTTTGAGATAAGGACC	2	10
RSVA_30_LEFT	CTTATGACATACAAGAGTATGACCTC	2	10
RSVA_30_RIGHT	CTCACTAGATCGATATTGTGTTAATATGC	2	10
RSVA_32_LEFT	TGTGGATTCAATAATGTTATCTTGACACA	2	10
RSVA_32_RIGHT	AGCATCCATGGCTTGTCTTTCA	2	10
RSVA_34_LEFT	TCAGGACTACGTTTCTATCGAGAGT	2	10
RSVA_34_RIGHT	TGTTTTCTGCTATCATTTTCTCTGCT	2	10
RSVA_36_LEFT	TGGATGAACTGCATGGTGTACA	2	10
RSVA_36_RIGHT	TGTGGCCTATTCCTGCATACTC	2	10
RSVA_38_LEFT	GGACCGTGGATAAACACTATACTTGA	2	10
RSVA_38_RIGHT	CTTGAAGTTTGTCTTTTAAATCATGGTTTG	2	10
RSVA_40_LEFT	GTGCACAACACTATACCACCAC	2	10
RSVA_40_RIGHT	TGTCCATTGTATACATGATACTGGGT	2	10
RSVA_42_LEFT	AGCAAAATTGGATTGGGTGTATGC	2	10
RSVA_42_RIGHT	ACATCACCTGTGAATATGGGAGG	2	10
RSVA_44_LEFT	ACTAATTTAGCTGGACATTGGATTCTT	2	10
RSVA_44_RIGHT	TGTTAACAACCCAAGGGCAAAC	2	10
RSVA_46_LEFT	ACAACAAATTATATCATCCYACACCAG	2	20
RSVA_46_RIGHT	TATGATGCCAAGGAAGCATGC	2	20
RSVA_48_LEFT	GACCATTCCTGCTACAGATGCA	2	10
RSVA_48_RIGHT	GGCATGATGAAATTTTTGGTTCTTGA	2	10
RSVA_50_LEFT	CGATAAAGAGTCTATTGATGCAAATATTAAGAG	2	50
RSVA_50_RIGHT	TGGATTTAAACTTATTCTTCCTAGATCAAAA	2	50
